Neighborhood,TotalFloorSpace,BedroomsCount,ParkingsAvailable,BalconyArea,SalePrice
1,1710,3,2,0,208500
2,1262,3,2,298,181500
1,1786,3,2,0,223500
3,1717,3,3,0,140000
4,2198,4,3,192,250000
5,1362,1,2,40,143000
6,1694,3,2,255,307000
7,2090,3,2,235,200000
8,1774,2,2,90,129900
9,1077,2,1,0,118000
10,1040,3,1,0,129500
11,2324,4,3,147,345000
10,912,2,1,140,144000
1,1494,3,3,160,279500
12,1253,2,1,0,157000
9,854,2,2,48,132000
12,1004,2,2,0,149000
10,1296,2,2,0,90000
13,1114,3,2,0,159000
12,1339,3,1,0,139000
11,2376,4,3,240,325300
14,1108,3,1,0,139400
1,1795,3,2,171,230000
15,1060,3,2,100,129900
10,1060,3,1,406,154000
11,1600,3,3,0,256300
12,900,3,2,222,134800
11,1704,3,3,0,306000
12,1600,2,1,288,207500
9,520,1,1,49,68500
14,1317,3,1,0,40000
10,1228,3,1,0,149350
1,1234,3,2,0,179900
12,1700,4,2,0,165500
11,1561,2,2,203,277500
11,2452,4,3,113,309000
1,1097,3,2,392,145000
12,1297,3,2,0,153000
12,1057,3,1,0,109000
16,1152,2,0,0,82000
12,1324,3,2,0,160000
17,1328,2,1,0,170000
13,884,2,2,240,144000
1,938,3,1,145,130250
12,1150,3,1,0,141000
11,1752,2,2,196,319900
5,2149,1,2,168,239686
6,1656,3,3,0,249700
8,1452,2,0,0,113000
10,955,3,1,0,127000
18,1470,3,2,0,177000
9,1176,3,2,112,114500
14,816,2,2,106,110000
2,1842,0,3,857,385000
12,1360,3,2,0,130000
12,1425,3,2,0,180500
6,1739,3,2,115,172500
1,1720,3,2,0,196500
19,2945,3,3,192,438780
1,780,2,1,196,124900
13,1158,3,2,0,158000
14,1111,3,1,0,101000
11,1370,2,2,120,202500
8,1710,3,2,12,140000
1,2034,3,2,576,219500
11,2473,4,3,192,317000
12,2207,3,2,301,180000
1,1479,3,2,144,226000
8,747,2,1,0,80000
20,2287,3,2,0,225000
12,2223,3,2,300,244000
5,845,2,2,0,129500
18,1718,3,2,0,185000
12,1086,3,2,0,144900
8,1605,3,1,0,107400
15,988,2,1,120,91000
12,952,2,1,0,135750
9,1285,2,1,0,127000
10,1768,4,0,0,136500
8,1230,2,2,74,110000
12,2142,4,1,0,193500
5,1337,2,2,0,153500
6,1563,3,3,144,245000
12,1065,3,2,74,126500
18,1474,3,2,120,168500
4,2417,4,2,127,260000
18,1560,3,2,100,174000
6,1224,2,2,0,164500
14,1526,2,0,0,85000
1,990,3,0,0,123600
12,1040,2,2,0,109900
12,1235,2,2,0,98600
3,964,2,2,0,163500
8,2291,4,2,0,133900
1,1786,3,2,0,204750
18,1470,3,2,232,185000
1,1588,3,2,158,214000
16,960,3,1,120,94750
16,835,2,1,0,83000
12,1225,3,0,352,128950
7,1610,3,2,168,205000
13,1732,3,2,192,178000
13,1535,4,2,0,118964
1,1226,3,3,0,198900
14,1818,4,1,0,169500
6,1992,3,2,140,250000
8,1047,2,1,0,100000
8,789,2,1,0,115000
14,1517,3,0,0,115000
7,1844,3,2,0,190000
16,1855,4,1,182,136900
18,1430,3,2,180,180000
1,2696,4,3,120,383970
3,2259,3,2,166,217000
3,2320,3,1,224,259500
6,1458,2,2,0,176000
10,1092,3,1,0,139000
16,1125,2,2,80,155000
13,3222,5,3,367,320000
1,1456,3,2,0,163990
20,988,1,2,0,180000
14,1123,3,1,0,100000
12,1080,3,1,0,136000
13,1199,2,2,0,153900
7,1586,3,2,192,181000
14,754,2,0,53,84500
21,958,2,2,0,128000
8,840,3,0,0,87000
12,1348,3,2,188,155000
12,1053,3,2,0,150000
12,2157,4,2,105,226000
18,2054,3,2,24,244000
12,1327,3,2,0,150750
17,1296,2,2,192,220000
10,1721,3,2,0,180000
7,1682,3,2,98,174000
12,1214,3,1,0,143000
5,1959,5,3,0,171000
1,1852,3,3,224,230000
1,1764,3,2,276,231500
12,864,3,0,0,115000
1,1734,3,2,160,260000
12,1385,4,2,0,166000
1,1501,3,2,144,204000
10,1728,6,2,0,125000
16,1709,3,2,0,130000
9,875,2,1,48,105000
18,2035,3,2,144,222500
13,1080,3,0,0,141000
9,1344,3,1,200,115000
1,969,3,2,0,122000
11,1710,2,3,0,372402
7,1993,4,2,0,190000
20,1252,1,2,409,235000
8,1200,4,1,0,125000
16,1096,2,0,0,79000
12,1040,2,2,0,109500
17,1968,4,3,0,269500
6,1947,3,2,0,254900
18,2462,4,2,239,320000
2,1232,3,2,0,162500
11,2668,3,3,400,412500
11,1541,3,2,0,220000
8,882,1,0,0,103200
8,1616,3,1,0,152000
16,1355,4,0,140,127500
20,1867,2,1,476,190000
11,2161,3,3,178,325624
18,1720,3,2,100,183500
17,1707,2,2,574,228000
8,1382,2,2,237,128500
12,1656,3,2,210,215000
19,1767,2,2,441,239000
12,1362,3,2,0,163000
17,1651,3,2,192,184000
16,2158,4,2,0,243000
20,2060,4,2,0,211000
10,1920,4,2,0,172500
19,2234,1,3,0,501837
8,968,2,2,0,100000
6,1525,3,2,0,177000
3,1802,4,1,0,200100
16,1340,3,1,116,120000
8,2082,3,2,280,200000
9,1252,3,2,104,127000
8,3608,4,3,0,475000
5,1217,3,2,168,173000
8,1656,3,1,0,135000
13,1224,2,2,120,153337
19,1593,0,2,0,286000
3,2727,3,2,0,315000
12,1479,4,2,0,184000
1,1431,3,2,0,192000
16,1709,3,2,0,130000
1,864,3,1,0,127000
21,1456,3,2,87,148500
6,1726,3,3,171,311872
12,3112,4,2,0,235000
8,2229,5,0,0,104000
11,1713,3,3,0,274900
16,1121,2,2,132,140000
5,1279,3,2,238,171500
8,1310,2,1,0,112000
1,848,1,2,149,149000
8,1284,2,1,0,110000
18,1442,3,2,0,180500
10,1696,3,1,0,143900
12,1100,3,1,355,141000
13,2062,3,2,60,277000
12,1092,3,2,0,145000
16,864,2,0,0,98000
16,1212,3,2,100,186000
6,1852,3,2,168,252678
1,990,3,2,224,156000
1,1392,3,1,0,161750
12,1236,2,1,0,134450
1,1436,3,2,139,210000
8,1328,3,1,0,107000
3,1954,3,2,0,311500
22,1248,2,2,108,167240
1,1498,2,2,351,204900
18,2267,4,2,120,200000
7,1552,3,2,209,179900
12,864,2,2,216,97000
11,2392,3,3,248,386250
23,1302,3,1,0,112000
4,2520,4,3,224,290000
23,987,2,1,0,106000
10,912,3,1,0,125000
22,1555,2,2,143,192500
12,1194,3,1,0,148000
4,2794,4,3,0,403000
23,987,2,1,0,94500
1,894,3,1,365,128200
18,1960,4,2,288,216500
23,987,2,1,0,89500
1,1414,3,2,132,185500
13,1744,3,2,370,194500
11,1694,3,3,168,318000
16,1487,3,1,0,113000
6,1566,3,2,144,262500
8,866,2,0,58,110500
8,1440,3,1,0,79000
13,1217,3,1,0,120000
13,2110,3,2,0,205000
7,1872,3,2,197,241500
8,1928,4,1,0,137000
12,1375,2,2,0,140000
1,1668,3,2,144,180000
20,2144,4,2,0,277000
9,1306,3,0,263,76500
3,1625,2,2,123,235000
13,1640,3,2,138,173000
12,1302,3,1,333,158000
12,1314,3,1,250,145000
18,2291,4,2,192,230000
6,1728,3,2,216,207500
1,1604,3,2,123,220000
1,1792,3,2,0,231500
8,882,2,1,0,97000
12,1382,3,2,0,176000
1,2574,3,3,0,276000
10,1212,3,2,292,151000
8,1316,3,2,0,130000
8,764,2,2,0,73000
7,1422,3,2,276,175500
18,1511,3,2,95,185000
24,2192,4,1,262,179500
14,778,2,1,0,120500
16,1113,3,1,370,148000
6,1939,3,3,192,266000
20,1363,2,2,81,241500
4,2270,4,3,132,290000
12,1632,3,1,289,139000
5,816,2,1,168,124500
9,1548,3,2,74,205000
5,1560,3,2,100,201000
18,864,2,2,0,141000
11,2121,3,3,124,415298
20,2022,4,2,288,192000
13,1982,3,2,0,228500
6,1262,2,2,0,185000
11,1314,2,2,172,207500
6,1468,3,3,210,244600
13,1575,2,2,0,179200
6,1250,2,2,0,164700
12,1734,3,2,0,159000
12,858,3,0,0,88000
10,900,3,1,0,122000
9,1396,3,1,0,153575
1,1919,3,2,0,233230
24,1716,6,0,0,135900
16,1716,3,1,0,131000
7,2263,3,2,0,235000
12,1644,3,2,110,167000
5,1003,3,2,120,142500
14,1558,4,1,289,152000
6,1950,3,2,0,239000
7,1743,3,2,224,175000
3,1152,3,1,0,158500
3,1336,2,1,0,157000
1,2452,4,2,208,267000
1,1541,3,3,468,205000
1,894,3,2,256,149900
8,3493,3,3,302,295000
1,2000,3,3,168,305900
13,2243,4,3,127,225000
14,1406,3,0,0,89500
16,861,1,2,158,82500
11,1944,3,3,208,360000
18,1501,3,2,190,165600
12,972,2,1,0,132000
8,1118,3,2,0,119900
17,2036,3,2,0,375000
8,1641,3,2,0,178000
18,1432,3,2,100,188500
7,2353,4,2,288,260000
6,1959,3,3,208,270000
4,2646,4,3,340,260000
7,1472,3,2,233,187500
11,2596,4,3,240,342643
11,2468,4,3,184,354000
13,2730,4,2,201,301000
8,1163,3,1,142,126175
12,2978,5,2,240,242000
14,803,2,2,0,87000
2,1719,1,2,122,324000
12,1383,3,1,0,145250
9,2134,5,2,0,214500
14,1192,3,1,0,78000
12,1728,6,1,155,119000
12,1056,3,1,0,139000
11,1629,3,3,0,284000
11,1358,2,2,192,207000
18,1638,3,2,100,192000
17,1786,3,2,670,228950
19,1922,3,3,178,377426
1,1536,3,2,192,214000
7,1621,3,2,108,202500
12,1215,3,1,0,155000
17,1908,4,2,135,202900
13,841,2,1,250,82000
12,1040,2,2,0,87500
11,1684,2,2,495,266000
15,1112,3,1,182,85000
9,1577,3,1,0,140200
12,958,2,1,0,151500
12,1478,3,2,0,157500
11,1626,2,2,0,154000
11,2728,4,3,0,437154
11,1869,2,2,210,318061
20,1453,2,2,0,190000
16,1111,3,1,48,95000
8,720,2,2,106,105900
24,1595,2,1,0,140000
1,1200,3,2,0,177500
18,1167,3,2,120,173000
15,1142,3,2,536,134000
20,1352,3,1,168,130000
4,1924,3,2,208,280000
5,912,2,2,0,156000
9,1505,3,1,0,145000
16,1922,4,2,0,198500
23,987,2,1,250,118000
7,1574,3,2,306,190000
14,1344,3,1,0,147000
12,1394,3,2,0,159000
12,1431,3,1,64,165000
12,1268,2,1,0,132000
12,1287,3,2,364,162000
18,1664,3,2,100,172400
20,1588,4,2,0,134432
13,752,2,1,353,125000
12,1319,3,1,66,123000
1,1928,4,2,100,219500
16,904,1,0,0,61000
1,914,2,2,0,148000
6,2466,4,2,159,340000
19,1856,1,3,113,394432
18,1800,3,2,100,179000
24,1691,3,1,0,127000
6,1301,2,2,216,187750
1,1797,3,2,144,213500
13,784,2,2,0,76000
20,1953,3,2,216,240000
22,1269,2,2,146,192000
16,1184,5,0,0,81000
16,1125,3,1,296,125000
1,1479,3,2,120,191000
11,2332,3,3,196,426000
16,1367,4,1,0,119000
5,1961,3,2,125,215000
12,882,3,1,0,106500
9,788,2,0,0,100000
8,1034,2,1,0,109000
16,1144,3,1,44,129000
1,894,2,2,215,123000
12,1812,4,1,0,169500
14,1077,2,1,0,67000
6,1550,2,2,0,241000
2,1288,1,2,120,245500
1,1310,3,2,0,164990
10,672,2,1,168,108000
4,2263,4,2,144,258000
18,1572,3,2,0,168000
10,1620,3,2,120,150000
24,1639,3,1,0,115000
3,1680,4,1,0,177000
11,2172,3,3,192,280000
6,2078,3,3,0,339750
16,1276,3,1,0,60000
18,1056,3,2,264,145000
6,1478,2,2,0,222000
8,1028,2,2,0,115000
13,2097,3,3,196,228000
18,1340,3,2,100,181134
10,1400,3,2,0,149500
3,2624,4,3,0,239000
16,1134,3,1,0,126000
12,1056,3,1,0,142000
5,1344,2,4,0,206300
7,1602,3,2,240,215000
5,988,2,2,0,113000
4,2630,4,3,0,315000
12,1196,2,1,0,139000
8,1389,3,1,0,135000
13,1644,2,2,80,275000
12,907,3,1,0,109008
1,1208,2,2,105,195400
17,1412,3,2,0,175000
23,987,2,1,0,85400
8,1198,4,0,0,79900
23,1365,2,2,240,122500
18,1604,3,2,0,181000
15,630,1,0,88,81000
1,1661,3,2,158,212000
8,1118,2,2,0,116000
9,904,2,1,0,119000
3,694,2,1,0,90350
16,1196,3,2,0,110000
11,2402,2,3,0,555000
16,1440,4,0,0,118000
9,1573,3,2,0,162900
22,1258,2,3,144,172500
1,1908,4,2,144,210000
16,1689,3,2,0,127500
12,1888,2,2,0,190000
18,1886,4,2,89,199900
14,1376,3,1,0,119500
8,1183,2,1,0,120000
8,813,2,1,0,110000
20,1533,2,2,200,280000
17,1756,3,2,144,204000
6,1590,3,2,0,210000
5,1728,4,2,0,188000
7,1242,3,2,0,175500
8,1344,4,3,0,98000
20,1663,2,2,224,256000
8,1666,3,1,192,161000
9,1203,3,1,0,110000
6,1935,3,2,0,263435
24,1135,3,2,256,155000
10,864,3,1,0,62383
3,1660,3,1,0,188700
1,1040,3,0,0,124000
22,1414,2,2,144,178740
12,1277,2,2,0,167000
12,1644,3,1,168,146500
11,1634,3,3,0,250000
13,1710,3,2,144,187000
19,1502,1,2,0,212000
7,1969,3,2,0,190000
16,1072,2,2,0,148000
11,1976,2,3,250,440000
19,1652,2,2,96,251000
10,970,2,2,0,132500
1,1493,3,2,140,208900
11,2643,3,3,414,380000
1,1718,3,3,208,297000
8,1131,2,2,0,89471
11,1850,3,3,519,326000
11,1792,2,3,206,374000
8,1826,4,1,0,155000
5,1216,2,2,0,164000
10,999,3,1,0,132500
12,1113,3,1,0,147000
12,1073,3,2,0,156000
7,1484,3,2,224,175000
8,2414,3,2,142,160000
15,630,1,1,0,86000
15,1304,3,1,141,115000
12,1578,3,1,0,133000
18,1456,3,2,0,172785
12,1269,3,1,0,155000
8,886,2,1,144,91300
14,720,2,0,0,34900
4,3228,4,2,264,430000
9,1820,4,1,0,184000
10,899,3,1,64,130000
12,912,2,1,12,120000
23,1218,3,1,144,113000
6,1768,3,2,0,226700
16,1214,2,2,0,140000
3,1801,1,2,0,289000
21,1322,3,2,260,147000
8,1960,4,2,0,124500
13,1911,3,2,182,215000
6,1218,2,2,0,208300
8,1378,3,2,0,161000
12,1041,3,1,224,124500
12,1363,2,1,324,164900
11,1368,2,2,132,202665
12,864,3,2,0,129900
5,1080,3,2,120,134000
3,789,2,1,0,96500
11,2020,3,3,156,402861
7,2119,3,2,0,158000
4,2344,3,3,220,265000
1,1796,3,2,0,211000
3,2080,3,1,0,234000
8,1294,3,0,220,106250
12,1244,3,1,0,150000
9,1664,3,2,0,159000
16,4676,3,3,208,184750
4,2398,3,3,239,315750
6,1266,3,2,38,176000
12,928,2,1,261,132000
11,2713,3,3,126,446261
16,605,2,0,0,86000
3,2515,4,2,0,200624
17,1509,3,2,224,175000
9,1362,3,2,0,128000
12,827,2,1,0,107500
9,334,1,0,0,39300
18,1414,3,2,100,178000
16,1347,3,0,85,107500
1,1724,3,2,120,188000
12,864,3,2,216,111250
10,1159,3,1,466,158000
1,1601,3,2,180,272000
17,1838,2,3,270,315000
4,2285,4,3,0,248000
7,1680,3,2,78,213250
12,767,1,1,120,133000
18,1496,3,2,100,179665
7,2183,4,3,0,229000
9,1635,3,2,0,210000
5,768,2,2,104,129500
8,825,2,2,140,125000
6,2094,4,2,182,263000
21,1069,2,2,0,140000
8,928,3,1,0,112500
11,1717,3,3,169,255500
16,1126,2,2,0,108000
11,2046,3,3,320,284000
9,1048,2,1,0,113000
12,1092,2,1,268,141000
14,1336,3,1,0,108000
18,1446,3,2,264,175000
22,1557,2,2,143,234000
10,1392,3,2,0,121500
5,1389,2,2,240,170000
16,996,3,0,144,108000
16,1674,4,2,72,185000
4,2295,4,2,0,268000
24,1647,4,1,0,128000
19,2504,4,3,144,325000
11,1535,3,2,0,214000
13,2132,1,2,349,316600
12,943,2,2,42,135960
12,1728,6,2,0,142600
12,864,2,1,168,120000
17,1692,3,2,208,224500
18,1430,3,2,100,170000
12,1109,3,1,35,139000
12,1216,2,1,158,118500
24,1477,3,1,0,145000
10,1320,3,2,160,164500
6,1392,2,2,0,146000
8,1795,4,1,0,131500
12,1429,3,2,216,181900
11,2042,3,3,0,253293
16,816,3,0,0,118500
8,2775,3,2,105,325000
9,1573,3,1,0,133000
17,2028,2,3,326,369900
9,838,2,1,0,130000
10,860,2,2,0,137000
20,1473,1,1,0,143000
9,935,2,1,0,79500
1,1582,3,2,0,185900
11,2296,3,3,382,451950
5,816,2,2,0,138000
1,848,1,2,140,140000
1,924,3,1,0,110000
19,1826,3,3,180,319000
8,1368,3,1,0,114504
22,1402,2,3,120,194201
3,1647,3,2,0,217500
25,1556,3,2,161,151000
11,1904,3,2,179,275000
14,1375,3,1,0,141000
13,1915,3,2,120,220000
6,1200,2,2,0,151000
1,1494,3,2,192,221000
12,1986,3,2,0,205000
1,1040,3,2,168,152000
16,2008,3,1,103,225000
3,3194,4,2,0,359100
10,1029,3,1,64,118500
1,2153,3,3,253,313000
7,1032,3,2,0,148000
1,1872,3,2,160,261500
5,1120,3,0,0,147000
15,630,1,0,96,75500
12,1054,3,2,120,137500
18,1509,3,2,100,183200
12,832,2,2,0,105500
11,1828,3,3,0,314813
17,2262,4,3,168,305000
16,864,2,0,0,67000
7,2614,4,2,38,240000
10,980,3,2,192,135000
6,1512,2,2,0,168500
7,1790,4,2,148,165150
12,1116,3,2,0,160000
12,1422,3,1,0,139900
12,1520,3,1,0,153000
12,2080,5,2,335,135000
12,1350,3,2,176,168500
8,1750,3,1,0,124000
11,1554,2,2,156,209500
7,1411,3,2,192,82500
12,1056,3,1,390,139400
8,1056,0,2,264,144000
24,3395,8,0,0,200000
9,800,1,0,0,60000
8,1387,3,1,0,93000
16,796,2,0,328,85000
22,1567,1,3,312,264561
11,1518,1,2,185,274000
6,1929,3,2,0,226000
12,2704,4,2,269,345000
7,1620,4,2,208,152000
6,1766,2,3,195,370878
12,981,3,2,0,143250
12,1048,3,2,0,98300
16,1094,3,2,0,155000
12,1839,4,2,0,155000
15,630,1,0,0,84500
6,1665,3,2,0,205950
16,1510,4,1,120,108000
1,1716,2,2,0,191000
14,1469,3,1,57,135000
4,2113,2,3,236,350000
23,1092,3,1,0,88000
12,1053,3,1,0,145500
3,1502,3,1,0,149000
12,1458,3,1,192,97500
16,1486,3,2,0,167000
7,1935,3,2,0,197900
4,2448,4,3,517,402000
12,1392,2,2,0,110000
16,1181,3,2,0,137500
6,2097,1,3,192,423000
18,1936,3,2,188,230500
12,2380,3,2,0,129000
13,1679,3,2,224,193500
10,1437,3,2,304,168000
3,1180,2,1,0,137500
1,1476,3,2,100,173500
16,1369,3,1,147,103600
2,1208,3,2,198,165000
3,1839,3,2,0,257500
12,1136,3,1,426,140000
21,1441,3,2,28,148500
8,1774,4,3,0,87000
8,792,2,1,316,109500
19,2046,3,3,322,372500
10,988,3,2,0,128500
13,923,2,1,80,143000
24,1520,3,1,0,159434
20,1291,2,2,307,173000
1,1668,3,3,257,285000
4,1839,4,2,0,221000
19,2090,3,2,219,207500
6,1761,3,2,144,227875
6,1102,2,2,0,148800
19,1419,2,2,140,392000
11,1362,2,2,192,194700
1,848,1,2,149,141000
4,4316,4,3,382,755000
17,2519,4,2,320,335000
8,1073,2,1,0,108480
9,1539,3,2,112,141500
17,1137,2,2,125,176000
9,616,2,1,0,89000
16,1148,2,1,0,123500
10,894,3,1,416,138500
6,1391,2,2,156,196000
17,1800,3,3,270,312500
7,1164,3,2,0,140000
19,2576,4,3,324,361919
8,1812,4,2,344,140000
1,1484,3,2,0,213000
14,1092,3,0,0,55000
20,1824,2,2,380,302000
11,1324,2,2,192,254000
18,1456,3,2,100,179540
10,904,3,1,0,109900
9,729,2,0,0,52000
14,1178,2,1,68,102776
19,1228,2,2,168,189000
9,960,3,2,0,129000
10,1479,3,2,0,130500
7,1350,3,2,0,165000
8,2554,3,2,0,159500
7,1178,3,2,224,157000
4,2418,3,3,250,341000
1,971,3,1,0,128500
19,1742,2,2,114,275000
1,848,1,2,160,143000
12,864,3,2,0,124500
16,1470,4,1,0,135000
16,1698,3,3,327,320000
12,864,3,2,96,120500
3,1680,3,2,292,222000
1,1232,2,2,132,194500
12,1776,4,3,0,110000
14,1208,2,2,0,103000
19,1616,2,2,237,236500
17,1146,3,2,160,187500
1,2031,3,2,192,222500
10,1144,3,1,165,131400
10,948,3,1,147,108000
8,1768,2,2,0,163000
12,1040,2,2,0,93500
18,1801,3,3,0,239900
16,1200,3,0,120,179000
1,1728,3,2,187,190000
8,1432,2,2,270,132000
10,912,3,1,168,142000
13,1349,3,2,120,179000
10,1464,3,2,302,175000
19,1337,2,2,96,180000
7,2715,4,2,0,299800
18,2256,4,2,224,236000
8,2640,4,4,181,265979
4,1720,3,2,240,260400
16,1529,4,1,92,98000
8,1140,3,0,0,96500
18,1320,3,2,0,162000
1,1494,3,2,168,217000
11,2098,3,3,192,275500
12,1026,3,2,171,156000
6,1471,3,2,0,172500
1,1768,3,2,144,212000
10,1386,3,2,335,158900
6,1501,3,2,0,179400
4,2531,4,3,222,290000
12,864,2,1,0,127500
9,1301,2,2,0,100000
6,1547,3,2,169,215200
4,2365,3,3,0,337000
2,1494,2,2,0,270000
6,1506,2,2,0,264132
7,1714,3,2,228,196500
5,1750,4,1,245,160000
1,1836,3,2,120,216837
19,3279,4,3,503,538000
10,858,2,2,120,134900
16,1220,2,2,0,102000
16,1117,3,2,144,107000
12,912,2,1,0,114500
11,1973,3,3,315,395000
5,1204,2,2,0,162000
1,1614,3,3,144,221500
10,894,3,2,241,142500
13,2020,4,2,0,144000
5,1004,2,2,0,135000
18,1253,3,2,220,176000
13,1603,3,2,0,175900
1,1430,3,2,0,187100
5,1110,1,2,303,165500
8,1484,3,0,0,128000
7,1342,3,2,0,161500
8,1652,4,1,0,139000
13,2084,4,2,0,233000
8,901,2,1,0,107900
20,2087,5,2,133,187500
22,1145,2,2,100,160200
5,1062,3,2,120,146800
4,2013,3,2,180,269790
6,1496,3,2,168,225000
18,1895,3,2,143,194500
13,1564,3,2,0,171000
10,1285,3,2,138,143500
12,773,2,1,0,110000
11,3140,4,3,144,485000
24,1768,3,1,0,175000
20,1688,4,2,403,200000
14,1196,2,2,0,109900
1,1456,3,2,36,189000
11,2822,4,3,52,582933
12,1128,2,1,0,118000
6,1428,3,2,0,227680
12,980,3,1,68,135500
9,1576,3,2,0,223500
12,1086,3,2,0,159950
8,2138,2,2,40,106000
7,1309,3,2,265,181000
1,848,1,2,140,144500
14,1044,2,2,0,55993
12,1442,4,1,0,157900
16,1250,3,1,207,116000
1,1661,3,2,0,224900
12,1008,2,1,0,137000
5,1689,3,3,150,271000
20,1052,3,2,0,155000
11,1358,2,2,192,224000
1,1640,3,2,0,183000
8,936,2,2,0,93000
18,1733,3,2,100,225000
24,1489,3,1,335,139500
6,1489,3,2,0,232600
11,2084,2,3,188,385000
9,784,2,0,0,109500
13,1434,3,2,290,189000
20,2126,3,2,486,185000
6,1223,2,2,0,147400
12,1392,3,2,0,166000
6,1200,2,2,0,151000
1,1829,3,2,192,237000
12,1516,3,2,0,167000
12,1144,3,2,0,139950
10,1067,2,2,290,128000
8,1559,2,2,0,153500
23,987,2,1,0,100000
1,1099,3,1,278,144000
16,1200,3,1,0,130500
24,1482,4,1,0,140000
8,1539,3,2,70,157500
12,1165,3,2,0,174900
12,1800,6,0,0,141000
8,1416,4,3,418,153900
10,1701,3,2,0,171000
13,1775,3,2,234,213000
1,864,3,1,0,133500
20,2358,5,2,486,240000
2,1855,3,2,113,187000
1,848,1,2,140,131500
22,1456,2,2,143,215000
3,1646,4,1,0,164000
12,1445,3,2,180,158000
10,1779,3,2,0,170000
10,1040,3,1,0,127000
1,1026,3,2,0,147000
18,1481,3,2,0,174000
7,1370,3,2,0,152000
7,2654,4,2,0,250000
3,1426,3,1,0,189950
10,1039,3,2,0,131500
13,1097,3,2,0,152000
12,1148,3,1,0,132500
6,1372,3,2,0,250580
12,1002,3,2,0,148500
17,1646,3,3,192,248900
10,1120,3,2,168,129000
18,2320,2,2,120,169000
13,1949,3,2,156,236000
12,894,2,1,0,109500
1,1682,3,2,0,200500
12,910,3,2,196,116000
12,1268,3,1,0,133000
8,1131,3,1,26,66500
6,2610,4,2,208,303477
5,1040,3,2,0,132250
11,2224,4,3,184,350000
10,1155,3,2,192,148000
1,864,3,1,0,136500
16,1090,2,2,0,157000
17,1717,3,2,168,187500
18,1593,3,2,342,178000
24,2230,5,1,0,118500
12,892,3,1,0,100000
6,1709,2,2,97,328900
12,1712,4,2,272,145000
16,1393,3,1,121,135500
12,2217,4,2,81,268000
12,1505,2,2,0,149500
12,924,3,2,0,122900
10,1683,3,2,243,172500
10,1068,3,1,192,154500
10,1383,3,1,511,165000
13,1535,4,2,0,118858
12,1796,4,2,0,140000
14,951,2,1,0,106500
13,2240,6,2,154,142953
11,2364,2,3,0,611657
10,1236,3,1,0,135000
12,858,2,1,0,110000
12,1306,2,1,0,153000
18,1509,3,2,0,180000
18,1670,3,3,144,240000
10,902,3,1,0,125500
12,1063,3,1,0,128000
6,1636,3,3,0,255000
3,2057,3,1,0,250000
5,902,2,2,164,131000
18,1484,3,2,36,174000
12,2274,5,2,0,154300
1,1268,3,1,173,143500
9,1015,3,1,0,88000
3,2002,4,3,0,145000
6,1224,2,2,0,173733
15,1092,3,1,0,75000
14,480,1,1,0,35311
16,1229,3,1,0,135000
13,2127,4,3,72,238000
12,1414,3,2,0,176500
13,1721,3,2,300,201000
16,2200,4,0,0,145900
18,1316,3,2,100,169990
13,1617,2,2,0,193000
7,1686,3,2,384,207500
7,1126,3,2,180,175000
11,2374,4,3,104,285000
7,1978,4,2,0,176000
1,1788,3,2,202,236500
18,2236,4,2,0,222000
17,1466,3,3,100,201000
12,925,2,1,0,117500
6,1905,3,3,0,320000
1,1500,3,2,192,190000
12,2069,4,2,0,242000
9,747,1,2,0,79900
13,1200,2,2,0,184900
6,1971,3,2,0,253000
1,1962,3,3,0,239799
20,2403,4,1,56,244400
5,1728,4,2,40,150900
18,2060,3,2,0,214000
16,1440,4,0,321,150000
5,1632,4,2,0,143000
17,1344,3,2,0,137500
8,1869,2,2,48,124900
12,1144,3,1,86,143000
17,1629,3,3,0,270000
1,1776,3,2,144,192500
7,1381,3,2,0,197500
12,864,3,2,194,129000
13,965,3,1,421,119900
1,768,2,1,192,133900
5,1968,4,2,305,172000
16,980,4,0,0,127500
3,1958,4,2,0,145000
25,1229,2,2,150,124000
10,1057,3,2,0,132000
1,1337,3,2,0,185000
6,1416,3,2,0,155000
9,858,2,0,117,116500
7,2872,4,2,550,272000
21,1548,3,2,48,155000
1,1800,2,2,288,239000
17,1894,4,2,0,214900
18,1484,3,2,0,178900
3,1308,2,1,0,160000
12,1098,3,1,0,135000
8,968,2,0,0,37900
12,1095,2,1,0,140000
12,1192,4,0,0,135000
11,1626,2,2,0,173000
13,918,2,1,28,99500
6,1428,3,2,0,182000
9,2019,3,2,509,167500
6,1382,3,2,153,165000
9,869,2,0,0,85500
6,1241,1,2,0,199900
16,894,3,2,0,110000
10,1121,3,2,0,139000
12,999,3,2,144,178400
4,2612,4,3,250,336000
22,1266,2,2,100,159895
1,2290,4,2,0,255900
5,1734,4,2,0,126000
16,1164,3,1,0,125000
8,1635,2,1,394,117000
11,1940,3,3,168,395192
7,2030,4,2,0,195000
6,1576,3,2,0,197000
4,2392,3,3,0,348000
8,1742,4,2,0,168000
12,1851,3,2,239,187000
1,1500,3,2,0,173900
11,1718,3,3,216,337500
9,1230,3,1,0,121600
12,1050,3,1,0,136500
7,1442,2,2,371,185000
14,1077,3,1,0,91000
1,1208,2,2,105,206000
16,944,2,2,0,82000
8,691,2,1,0,86000
6,1574,3,3,144,232000
7,1680,4,2,0,136905
22,1504,1,2,156,181000
1,985,3,1,210,149900
12,1657,3,2,0,163500
15,1092,3,1,238,88000
5,1710,3,2,100,240000
24,1522,4,0,0,102000
10,1271,4,1,0,135000
16,1664,4,0,0,100000
3,1502,3,1,96,165000
8,1022,2,1,0,85000
12,1082,2,1,0,119200
7,1665,3,2,0,227000
1,1504,3,2,115,203000
19,1360,1,2,63,187500
18,1472,3,2,164,160000
22,1506,2,2,142,213490
16,1132,2,2,252,176000
1,1220,2,2,105,194000
8,1248,2,1,0,87000
22,1504,2,2,156,191000
17,2898,2,2,0,287000
1,882,3,2,96,112500
12,1264,3,2,0,167500
17,1646,3,3,192,293077
12,1376,3,1,0,105000
23,1218,3,1,0,118000
24,1928,5,0,0,160000
24,3082,5,2,136,197000
4,2520,5,3,209,310000
1,1654,3,3,0,230000
3,954,2,1,0,119750
16,845,3,1,186,84000
17,1620,2,3,228,315500
1,2263,3,2,0,287000
15,1344,3,0,0,97000
15,630,1,1,0,80000
10,1803,3,2,0,155000
7,1632,4,2,0,173000
11,1306,1,2,170,196000
13,2329,4,2,192,262280
7,2524,4,2,474,278000
16,1733,4,2,0,139600
19,2868,4,3,214,556581
1,990,3,2,0,145000
5,1771,3,2,0,115000
16,930,2,1,0,84900
18,1302,3,2,0,176485
1,1316,3,2,0,200141
12,1977,4,2,0,165000
16,1526,4,1,116,144500
1,1989,3,2,199,255000
7,1523,3,2,0,180000
11,1364,2,2,192,185850
4,1850,3,2,168,248000
11,2184,3,3,0,335000
3,1991,3,2,0,220000
19,1338,2,2,0,213500
14,894,2,3,0,81000
8,2337,5,2,0,90000
8,1103,2,2,166,110500
12,1154,3,2,0,154000
20,2260,3,2,296,328000
18,1571,3,2,0,178000
12,1611,4,2,328,167900
15,2521,5,2,728,151400
12,893,2,2,0,135000
12,1048,3,1,0,135000
7,1556,4,2,0,154000
16,1456,4,1,0,91500
16,1426,3,2,252,159500
1,1240,2,3,140,194000
3,1740,3,1,0,219500
8,1466,3,2,436,170000
12,1096,3,1,240,138800
1,848,1,2,140,155900
1,990,3,1,0,126000
7,1258,3,2,55,145000
10,1040,3,1,0,133000
1,1459,3,2,192,192000
12,1251,3,1,0,160000
18,1498,3,2,315,187500
13,996,2,2,120,147000
15,1092,3,1,120,83500
6,1953,3,3,160,252000
16,1709,3,2,0,137500
6,1247,1,2,0,197000
12,1040,2,2,0,92900
6,1252,2,2,0,160000
24,1694,4,2,342,136500
12,1200,1,2,0,146000
12,936,2,1,0,129000
1,1314,3,2,0,176432
14,1355,3,0,136,127000
19,1088,2,2,0,170000
9,1324,3,1,0,128000
7,1601,3,2,0,157000
24,438,1,1,0,60000
12,950,3,1,0,119500
12,1134,2,1,0,135000
12,1194,3,2,0,159500
23,1302,3,2,0,106000
4,2622,3,2,186,325000
13,1442,3,2,0,179900
18,2021,3,2,0,274725
18,1690,3,2,100,181000
11,1836,3,3,125,280000
18,1658,3,2,224,188000
7,1964,4,2,0,205000
12,816,2,1,0,129900
12,1008,2,1,0,134500
8,833,2,1,0,117000
11,1734,3,3,0,318000
18,1419,3,2,120,184100
10,894,3,2,0,130000
10,1601,3,1,280,140000
12,1040,3,1,140,133700
14,1012,2,1,0,118400
1,1552,3,3,144,212900
16,960,3,1,64,112000
16,698,2,0,0,118000
18,1482,3,2,100,163900
12,1005,2,2,0,115000
22,1555,2,3,143,174000
18,1530,3,3,144,259000
18,1959,4,2,100,215000
8,936,2,2,49,140000
24,1981,4,2,431,135000
5,974,3,0,0,93500
8,2210,5,1,0,117500
13,2020,3,2,0,239500
18,1600,3,2,100,169000
9,986,2,1,0,102000
12,1252,3,1,0,119000
10,1020,2,0,0,94000
5,1567,2,2,264,196000
9,1167,3,2,0,144000
12,952,2,2,0,139000
7,1868,4,2,448,197500
1,2828,4,3,125,424870
10,1006,3,0,0,80000
16,924,2,1,0,80000
9,1576,3,1,0,149000
13,1298,3,2,165,180000
3,1564,3,1,0,174500
8,1111,2,1,0,116900
8,1482,3,2,0,143000
12,932,2,1,0,124000
16,1466,3,2,0,149900
3,1811,2,2,0,230000
14,816,2,1,0,120500
12,1820,4,2,60,201800
2,1437,3,2,0,218000
12,1265,3,2,0,179900
11,1314,2,2,172,230000
6,1580,3,3,0,235128
7,1876,4,2,0,185000
21,1456,3,2,26,146000
3,1640,3,2,108,224000
10,894,3,2,0,129000
10,1258,0,2,120,108959
2,1432,2,2,168,194000
11,1502,3,2,0,233170
1,1694,3,3,160,245350
18,1671,3,2,0,173000
16,2108,4,2,0,235000
4,3627,4,3,361,625000
5,1118,3,1,203,171000
12,1261,3,2,0,163000
6,1250,2,2,0,171900
20,3086,3,0,122,200500
3,2345,4,2,0,239000
4,2872,4,2,0,285000
5,923,3,1,362,119500
8,1224,3,1,0,115000
3,1343,3,1,192,154900
16,1124,3,0,0,93000
17,2514,4,2,0,250000
3,1652,2,2,162,392500
4,4476,4,3,171,745000
8,1130,2,2,229,120000
17,1572,3,3,0,186700
16,1221,4,1,0,104900
8,1699,3,2,0,95000
4,1624,2,3,0,262000
1,1660,3,2,144,195000
18,1804,3,2,140,189000
5,1622,3,4,439,168000
6,1441,2,2,206,174000
8,1472,3,1,0,125000
5,1224,2,2,0,165000
10,1352,4,1,379,158000
18,1456,3,2,100,176000
18,1863,4,3,100,219210
8,1690,3,1,0,144000
1,1212,3,2,356,178000
10,1382,3,2,0,148000
12,864,3,1,0,116050
1,1779,3,2,198,197900
9,1348,3,1,0,117000
1,1630,3,2,74,213000
7,1074,3,2,0,153500
13,2196,3,3,84,271900
13,1056,2,1,0,107000
1,1700,3,2,192,200000
12,1283,3,2,0,140000
6,1660,3,2,322,290000
13,1845,3,2,635,189000
18,1752,4,2,325,164000
16,672,2,1,0,113000
10,960,0,1,88,145000
12,999,3,1,150,134500
10,894,3,1,0,125000
10,1902,4,2,0,112000
6,1314,3,2,135,229456
9,912,2,0,0,80500
23,1218,3,0,201,91500
12,912,2,1,0,115000
10,1211,3,1,0,134000
12,1846,3,1,0,143000
12,2136,4,2,0,137900
18,1490,3,2,100,184000
12,1138,3,1,224,145000
6,1933,4,3,100,214000
12,912,2,2,0,147000
11,1702,1,3,0,367294
12,1507,4,1,0,127000
10,2620,4,2,155,190000
12,1190,3,2,0,132500
12,1224,2,2,0,101800
12,1188,3,2,0,142000
24,1964,4,0,0,130000
3,1784,4,1,203,138887
11,1626,2,2,0,175500
1,1948,4,2,100,195000
13,1141,3,2,0,142500
17,1484,2,2,120,265900
1,1768,3,2,0,224900
6,1689,3,3,0,248328
7,1173,3,2,0,170000
11,2076,2,3,216,465000
3,1517,3,2,0,230000
7,1868,3,2,268,178000
6,1553,3,2,0,186500
5,1034,3,3,0,169900
8,2058,3,2,0,129500
12,988,3,1,0,119000
12,2110,3,2,0,244000
11,1405,2,2,148,171750
5,874,3,1,33,130000
2,2167,3,2,220,294000
16,1656,3,2,178,165400
9,1367,3,1,0,127500
4,1987,2,2,262,301500
16,864,2,0,0,99900
18,1166,2,2,212,190000
12,1054,3,2,180,151000
18,1675,3,2,0,181000
12,1050,2,1,0,128900
20,1788,5,1,120,161500
9,1824,3,2,0,180500
12,1337,2,2,144,181000
6,1452,3,2,0,183900
8,1889,4,1,0,122000
17,2018,3,3,144,378500
3,3447,4,3,314,381000
12,1524,3,1,0,144000
20,1524,0,2,268,260000
7,1489,3,2,0,185750
10,935,3,1,180,137000
16,1357,2,1,0,177000
3,1250,3,2,242,139000
12,1920,4,2,0,137000
7,1395,3,2,294,162000
7,1724,3,2,0,197900
1,2031,3,2,0,237000
14,1128,2,2,30,68400
1,1573,3,2,0,227000
17,1339,2,2,0,180000
1,1040,3,2,0,150500
5,1824,4,0,128,139000
24,2447,4,1,272,169000
9,1412,4,1,45,132500
7,1328,3,2,0,143000
20,1582,4,2,168,190000
19,1659,2,2,212,278000
11,1970,3,3,177,281000
12,1152,3,2,227,180500
23,1302,3,1,185,119500
8,2372,4,1,0,107500
7,1664,4,2,0,162900
16,864,2,2,0,115000
12,1052,3,1,356,138500
12,1128,3,2,192,155000
16,1072,2,2,0,140000
16,5642,3,2,214,160000
12,1246,3,1,218,154000
18,1983,3,2,0,225000
3,1494,3,1,0,177500
4,2526,4,3,309,290000
6,1616,3,3,208,232000
16,1708,3,2,0,130000
11,1652,2,2,404,325000
11,1368,2,2,132,202500
1,990,3,2,0,138000
8,1122,2,2,0,147000
13,1294,3,2,112,179200
3,1902,3,2,0,335000
1,1274,3,2,264,203000
4,2810,4,2,500,302000
4,2599,4,3,668,333168
16,948,3,1,0,119000
12,2112,4,2,280,206900
1,1630,3,3,172,295493
6,1352,2,2,0,208900
1,1787,3,3,198,275000
16,948,3,1,0,111000
12,1478,3,2,114,156500
9,720,2,1,0,72500
4,1923,3,2,240,190000
9,708,2,0,164,82500
6,1795,2,3,0,147000
14,796,2,0,0,55000
16,774,3,0,0,79000
5,816,3,1,0,130500
8,2792,5,2,0,256000
18,1632,3,2,0,176500
6,1588,3,3,144,227000
1,954,3,2,0,132500
16,816,2,1,0,100000
14,1360,2,1,0,125500
23,1365,3,2,0,125000
7,1334,2,2,0,167900
7,1656,4,2,0,135000
8,693,2,0,0,52500
1,1861,3,2,146,200000
1,864,3,1,0,128500
12,872,3,4,0,123000
13,1114,3,2,0,155000
1,2169,3,2,192,228500
3,1913,3,2,0,177000
1,1456,3,2,0,155835
8,960,2,1,0,108500
7,2156,3,2,0,262500
17,1776,3,3,0,283463
13,1494,3,2,402,215000
8,2358,4,0,0,122000
12,2634,6,4,0,200000
12,1716,4,2,0,171000
9,1176,2,2,210,134900
4,3238,4,3,283,410000
1,1865,3,3,0,235000
7,1920,4,2,0,170000
12,892,3,1,0,110000
12,1078,3,2,0,149900
6,1573,3,2,0,177500
11,1980,3,3,194,315000
24,2601,4,2,183,189000
19,1530,3,2,168,260000
12,1738,4,1,55,104900
18,1412,3,2,0,156932
6,1200,2,2,0,144152
6,1674,3,2,0,216000
1,1790,3,2,0,193000
15,1475,4,1,104,127000
1,848,1,2,140,144000
1,1668,3,2,0,232000
8,1374,2,1,0,105000
12,1661,3,1,0,165500
1,2097,3,2,253,274300
4,2633,2,3,314,466500
6,1958,3,3,154,250000
17,1571,3,3,100,239000
24,790,2,1,0,91000
16,1604,3,2,0,117000
23,987,2,1,72,83000
17,1394,3,2,100,167500
16,864,2,1,0,58500
12,2117,4,2,0,237500
8,1762,4,2,36,157000
10,1416,3,2,0,112000
16,1258,2,1,0,105000
14,1154,3,1,0,125500
7,2784,5,2,0,250000
8,2526,5,1,88,136000
18,1746,3,3,201,377500
9,1218,3,2,0,131000
1,1525,3,2,219,235000
12,1584,4,3,0,124000
12,900,3,1,175,123000
8,1912,3,2,0,163000
22,1500,2,3,161,246578
17,2482,4,3,144,281213
17,1687,3,2,0,160000
9,1513,4,1,24,137500
12,1904,3,1,0,138000
24,1608,3,1,147,137450
9,1158,3,1,0,120000
18,1593,3,2,100,193000
1,1294,2,2,168,193879
6,1464,3,3,168,282922
8,1214,3,3,216,105000
3,1646,2,2,128,275000
1,768,2,2,58,133000
5,833,3,0,0,112000
8,1363,3,2,0,125500
7,2093,3,2,364,215000
1,1840,3,2,0,230000
12,1668,3,1,0,140000
12,1040,2,2,0,90000
13,1844,2,2,165,257000
9,1848,4,2,0,207000
22,1569,1,3,143,175900
8,2290,4,2,0,122500
4,2450,3,3,0,340000
12,1144,3,1,0,124000
3,1844,3,2,0,223000
7,1416,3,2,0,179900
21,1069,2,2,0,127500
1,848,1,2,140,136500
16,2201,4,2,586,274970
12,1344,2,1,316,144000
12,1252,3,2,0,142000
4,2127,3,2,171,271000
12,1558,3,1,0,140000
8,804,2,1,0,119000
7,1440,3,2,0,182900
18,1838,4,2,100,192140
21,958,2,2,0,143750
8,968,4,1,0,64500
18,1792,3,2,0,186500
5,1126,3,2,295,160000
12,1537,3,2,0,174000
12,864,3,2,0,120500
11,1932,2,3,0,394617
8,1236,2,2,0,149700
7,1725,3,2,0,197000
3,2555,3,2,431,191000
1,848,1,2,149,149300
6,2007,3,3,168,310000
9,952,2,1,0,121000
1,1422,3,2,192,179600
10,913,3,1,0,129000
5,1188,3,1,261,157900
1,2090,3,2,0,240000
16,1346,2,1,168,112000
15,630,1,0,0,92000
12,1792,4,0,32,136000
6,1578,3,3,0,287090
16,1072,2,2,0,145000
5,1140,3,0,36,84500
6,1221,2,2,0,185000
18,1647,3,2,0,175000
7,2073,3,2,349,210000
3,2340,4,1,0,266500
12,1078,2,1,366,142125
16,1256,3,1,736,147500